S No.,Name of CCA,Village,Panchayat,Country,Location,Area (ha),Ecosystem Type,Ecosystem - further details,Communities,Number of households,Number of people,Origin,History,Year of Formation,Motivations,Motivations - further details,Collective of CCAs,Collective of CCAs - further details,People and decision making,Decision Making Body,Rules and Regulations,Rules and Management Practices,Community activities through the year,Ecological Restoration and Biodiversity Conservation,Legal Status,FRA Applicability,Community Forest Resource Rights (CFR),Date of filing CFR claim,Level of CFR claim,Date of recognition of CFR claim,CFR - further details,Management plan status,Land Ownership,Other Recognised Status,Sacred Landscape,Legal and Other Recognitions- further details,Impact on Livelihoods and Subsistence,Social Impacts,Ecological Impact,Impact - further details,Opportunities,Internal Threats and Challenges,External Threats and Challenges,Threats and challenges - further details,Needs,Future Plans,Data Source,Information Provider,Year of Study,License,Glossary of Vernacular terms,References,News and Updates,Multimedia
1,"Tinmauza (Akhupadar, Basantpur and Lakhapada)","Akhupadar, Basantpur & Lakhapada",,India,20.05199769 | 85.31620489 ,97.27,Forest,,Kandha (ST) + Others,78,,Based on traditional practice | Revived by community initiative,,1980,Livelihood (Subsistence/Economic) | Ecological functions (ecosystem services) |  Self empowerment (including land ownership/access security) | Response to external threat,Deforestation and querying by outsiders posed a crisis for forest-dependent livelihood activities. This triggered the communities to come together and protect their forest land.,Yes,"The CCA is part of Ma Maninag Jungle Surkshya Parishad, a block-level federation of CCAs of 217 villages. ",The community forest management committee is elected by the gram sabha that consists of 15 members.,Gram sabha | CFR Committee,,"1. Thengapalli or serial guarding of the forest by the community with bamboo sticks. 2. Only people of the Tin Msuza can take NTFP, medicinal herbs can be collected by local traditional healers even of outside Tinmauja villages. 3. Fuelwood can be collected only once in a week ","Fire Management | Regulation of harvest  | Patrolling, watch and ward ",,Reserve forest | Village forest | Community Forest Resource Rights (CFR) under Forest Rights Act (FRA),Yes,CFR claims recognised,26.07.2014,,22.11.2021,,CFRMC constituted and endorsed by Gram Sabha,Community Owned,,,,Cut fodder | Grazing | Firewood | Non-timber forest produce ,Community empowerment | Empowerment of women/youth/disadvantaged sections | Assured land ownership or access | Mitigation of external threat,Improvement and restoration of natural habitat | Increase in diversity and population of wildlife | Improvement in ecological services such as water supply and soil fertility,Number and diversity of wildlife species has increased. Thick forest cover has grown on the patches which had gotten barren due to deforestation and querying activities. Biodiversity of both flora and fauna has improved. The number and quantity of NTFPs have improved. ,,"Conflict with other communities | Changing socio-cultural practices and aspirations | Outmigration
",Restrictive laws and policies   | Invasive or non-native species,There is no proper mechanism to transfer traditional knowledge to the younger generation. The younger generation does not feel the same connection with forests as the older generation.,,The community needs to develop a plan for the sustainability of the initiative.,Through participation and consent of entire community,Vasundhara,2023,,"Bethi- Unpaid labor during kings' rule, Garhjat states - Princely states of Odisha located in Garhjat hills, Thengapalli- A traditional practice in many parts of Odisha for forest protection by local communities, where a stick (thenga) symbolically represents ones turn for forest protection. ","Lakerveld P. R., Lele S & et. el (2015) The social distribution of provisioning forest ecosystem services: Evidence and insights from Odisha, India. Ecosystem Sevices. Pg: 56:66 ",,
2,"Tinmauza (Thanapallipatna, Musajhari and Derabaj)","Thannapallipatna, Musajhar, and Derabaj",,India,20.14362289 | 85.31026564 ,122.68,Forest,"Two waterfalls - Kotapokhari and Pathargurguri. For irrigation purposes, only water from Pathargurguri is used by the three villages. Water from Kotapokhari is left for the use of other villages.",OTFDs,66,265,Based on traditional practice | Revived by community initiative,,1977,Livelihood (Subsistence/Economic) | Ecological functions (ecosystem services) | Self empowerment (including land ownership/access security) | Religious/cultural sentiments (including sacred landscapes) | Wild Biodiversity conservation | Response to external threat,To protect the forest from timber mafia and poachers.,Yes,"The CCA is part of Ma Maninag Jungle Surkshya Parishad, a block-level federation of CCAs of 217 villages. ","Monthly CFR-MC meeting is held. Annual general meeting on the day of Raja Sankranti. Committee funds, selection, and other issues are discussed in the annual meeting.",Gram sabha | CFR Committee,,"Forest watcher selected from the community is paid Rs 5000 monthly. Additionally, thengapalli is done by 2-3 people daily to reduce the chances of timber and NTFP theft. Lighting fire in any form like bidi, etc. is strictly prohibited during summer. Special provision to provide timber for funerals, marriages, agriculture equipment, and construction and maintenance of houses, etc., with permission from the committee. Poor and underprivileged are given special concessions.  NTFPS like Amla, Siali leaf, pijuli, Bahada, Tunga, Korba, etc. can be collected only by the people of the three villages. Certain medicinal plants can be collected by people of the three villages as well as from another neighboring village for personal use. Fuelwood collection is allowed only on Sundays. Only twigs, leaves, and branches are allowed as fuelwood. Cutting of live trees is strictly prohibited. Only one headload can be collected as fuelwood. The Fuelwood collection process is strictly monitored by the forest watcher.

Hunting, poaching, and harming wildlife are strictly prohibited. Police are immediately intimated if a poacher is caught. Forest watcher and pallias keep a strict vigil against any kind of hunting activity.","Fire Management | Regulation of harvest     | Patrolling, watch and ward ",,Reserve forest | Village forest | Community Forest Resource Rights (CFR) under Forest Rights Act (FRA),Yes,CFR claims recognised,26.7.2014,,22.11.2021,,CFRMC constituted and endorsed by Gram Sabha,Forest Department | Revenue department | Community Owned,,,,Cut fodder | Grazing | Firewood | Non-timber forest produce | Timber,Community empowerment | Empowerment of women/youth/disadvantaged sections | Assured land ownership or access | Revival of cultural/religious associations | Mitigation of external threat,Improvement and restoration of natural habitat | Increase in diversity and population of wildlife | Improvement in ecological services such as water supply and soil fertility,Number and diversity of wildlife species has increased. Thick forest cover has grown on the patches which had gotten barren due to deforestation and querying activities. Biodiversity of both flora and fauna has improved. The number and quantity of NTFPs have improved. ,,Changing socio-cultural practices and aspirations,Restrictive laws and policies   | Unwanted extraction | Invasive or non-native species,,,,Through participation and consent of entire community,Vasundhara,2023,,"Thengapalli- A traditional practice in many parts of Odisha for forest protection by local communities, where a stick (thenga) symbolically represents ones turn for forest protection.",,,
3,Kessiapalli,Kesiapalli,,India,20.14192931 | 85.30887014 ,22.55,Forest,Community access water from a reservoir dam called Bhuimundya bandh,OTFDs,63,255,Based on traditional practice | Revived by community initiative,,2006,Livelihood (Subsistence/Economic) | Ecological functions (ecosystem services) | Self empowerment (including land ownership/access security) | Religious/cultural sentiments (including sacred landscapes) | Wild Biodiversity conservation | Response to external threat,,Yes,"The CCA is part of Ma Maninag Jungle Surkshya Parishad, a block-level federation of CCAs of 217 villages. ","CFR-MC consisting of 12 members are elected by Gram Sabha every year. Monthly CFR-MC meeting is held. Annual general meeting on the day of Pana Sankranti. Committee funds, selection and other issues are discussed in the annual meeting. ",Gram sabha | CFR Committee,,"One person goes to the forest for Pallia or to perform Thengapalli. Pallia badal or duty performed by the substitute is done if allocated pallia are absent on that day. Bidis are strictly prohibited in the forest to prevent any kind of forest fire. Every man has to go for pallia when his turn comes. Special provision to provide timber for funerals, marriage, house construction, etc. NTFPs are collected by the village people for personal use. Medicinal plants can be accessed by people of the neighboring village too for personal use. Kendu leaves are accessed by neighboring Adivasi villages. Limited use of fuelwood as every family has an LPG connection now. Cutting of live trees for fuelwood is strictly prohibited. If anyone gets caught cutting a live tree, a fine is imposed and a public apology is asked in the front of Gram Sabha.","Fire Management | Regulation of harvest     | Patrolling, watch and ward ",,Reserve forest | Village forest | Community Forest Resource Rights (CFR) under Forest Rights Act (FRA),Yes,CFR claims recognised,11.8.2014,,22.11.2021,,CFRMC constituted and endorsed by Gram Sabha,Forest Department | Revenue department | Community Owned,,,,Cut fodder | Grazing | Firewood | Non-timber forest produce | Timber,"Community empowerment | Assured land ownership or access | Revival of cultural/religious associations
",Improvement and restoration of natural habitat | Increase in diversity and population of wildlife | Improvement in ecological services such as water supply and soil fertility,,,Changing socio-cultural practices and aspirations,Restrictive laws and policies   | Invasive or non-native species,,,,Through participation and consent of entire community,Vasundhara,2023,,"Thengapalli- A traditional practice in many parts of Odisha for forest protection by local communities, where a stick (thenga) symbolically represents ones turn for forest protection.",,,
4,Kulasara,Kulasara,,India,20.14704769 | 85.38305689,57.36,Forest,Bhuimundya bandh and a rainwater reservoir Magura bandh provide water for irrigation and other purposes.,OTFDs + 2HH of ST,329,1250,Based on traditional practice | Revived by community initiative,,1978,Livelihood (Subsistence/Economic) | Ecological functions (ecosystem services) | Self empowerment (including land ownership/access security) | Religious/cultural sentiments (including sacred landscapes) | Wild Biodiversity conservation | Response to external threat+P7,,Yes,"The CCA is part of Ma Maninag Jungle Surkshya Parishad, a block-level federation of CCAs of 217 villages. ","Forest management committee consisiting of 11 member are selected every year by the Gram Sabha. Monthly CFR-MC meeting happens. Annual general meeting happens on the day of Dol Purnima. Committee funds, selection and other issues are discussed in the annual meeting. ",Gram sabha | CFR Committee,,Thengapalli system is undertaken by men of the village. Every day 4 men go for thengapalli. Palli Badal can be done in case of the absence of any pallia. Lighting of any kind of fire is strictly prohibited. The Forest department is intimated in case of fire while villagers try to stop the spread. Restricted collection of fuelwood but there is special provision for people belonging to SC community. They can collect fuelwood every day. They can also collect NTFPs like chanchunia saag and dates for sale. NTFPs can be collected by people of the village only whereas medicinal plants can be collected by people of neighbouring villages too but for personal use. ,"Fire Management | Regulation of harvest     | Patrolling, watch and ward | Soil and water conservation    ",,Reserve forest | Village forest | Community Forest Resource Rights (CFR) under Forest Rights Act (FRA),Yes,CFR claims recognised,12.8.2014,,22.11.2021,,CFRMC constituted and endorsed by Gram Sabha,Forest Department | Revenue department | Community Owned,,,,Cut fodder | Grazing | Firewood | Non-timber forest produce | Timber | Fish,"Community empowerment | Assured land ownership or access | Revival of cultural/religious associations
","Improvement and restoration of natural habitat | Increase in diversity and population of wildlife | Increase in diversity of crops, livestock, fish | Improvement in ecological services such as water supply and soil fertility

",,,Changing socio-cultural practices and aspirations,Restrictive laws and policies   | Unwanted extraction     | Invasive or non-native species,,,,Through participation and consent of entire community,Vasundhara,2023,,"Thengapalli- A traditional practice in many parts of Odisha for forest protection by local communities, where a stick (thenga) symbolically represents ones turn for forest protection.",,,
5,Surkabari & Hatibari,Surkabari & Hatibari,,India,20.13225039 | 85.28528231,81.05,Forest,A reservoir has been built on a canal from Hara nadi (river) in Hatibari village. The river is the major source of sustenance for people as well as wildlife in the region.  ,"MIxed (ST, SC, and Others) OTFD-278 HHs, ST- 30",308,1200,Based on traditional practice | Revived by community initiative,,1985,Livelihood (Subsistence/Economic) | Ecological functions (ecosystem services) | Self empowerment (including land ownership/access security) | Religious/cultural sentiments (including sacred landscapes) | Wild Biodiversity conservation | Response to external threat,,Yes,"The CCA is part of Ma Maninag Jungle Surkshya Parishad, a block-level federation of CCAs of 217 villages. ","A forest management committee consisting of 10 members is constituted every year by the joint Gram Sabha where 7 members are selected from Surkabadi and 3 members from Hatibadi. Apart from the monthly meeting, annual general body meeting is held in the month of June. Emergency meetings can be held anytime if issues arise. ",Gram sabha | CFR Committee,,Thengapali system is undertaken by both men and women. Every day 2 people from the village go for Thengapalli. One forest watcher is also appointed on a salary and is paid from the collective fund of the committee. Pali badal is allowed if the allocated person is absent. Lighting of any kind of fire is strictly prohibited. The Forest department is intimated in case of fire while villagers try to stop the spread. There is restricted collection of fuelwood but special provision for people belonging to SC & ST community. They can also collect NTFPs for commercial purposes. NTFPs can be collected by people of the village only whereas medicinal plants can be collected by people of neighbouring villages too for personal use. ,"Fire Management | Regulation of harvest     | Patrolling, watch and ward | Soil and water conservation    ",,Reserve forest | Village forest | Community Forest Resource Rights (CFR) under Forest Rights Act (FRA),Yes,CFR claims recognised,25.7.2014,,22.11.2021,,CFRMC constituted and endorsed by Gram Sabha,Forest Department | Revenue department | Community Owned,,,,Cut fodder | Grazing | Firewood | Non-timber forest produce | Timber | Fish,"Community empowerment | Assured land ownership or access | Revival of cultural/religious associations
","Improvement and restoration of natural habitat | Increase in diversity and population of wildlife | Increase in diversity of crops, livestock, fish | Improvement in ecological services such as water supply and soil fertility

",,,Changing socio-cultural practices and aspirations,Restrictive laws and policies   | Unwanted extraction     | Invasive or non-native species,,,,Through participation and consent of entire community,Vasundhara,2023,,"Thengapalli- A traditional practice in many parts of Odisha for forest protection by local communities, where a stick (thenga) symbolically represents ones turn for forest protection.",,,
6,Verupada,Verupada,,India,20.06669444 | 85.30002778,42.23,Forest,Two rivulets namely Kohlasingh Nala and Boro Sara Nala are present where the former is utilized for irrigation and other household purposes whereas the latter is exclusively reserved for wildlife.,"MIxed (ST, SC and Others) ST- 4, OTFD- 44",48,200,Based on traditional practice | Revived by community initiative,,1970,Livelihood (Subsistence/Economic) | Ecological functions (ecosystem services) | Self empowerment (including land ownership/access security) | Religious/cultural sentiments (including sacred landscapes) | Wild Biodiversity conservation | Response to external threat,,Yes,"The CCA is part of Ma Maninag Jungle Surkshya Parishad, a block-level federation of CCAs of 217 villages. ",Verupoda Jongol Surakshya Committee consisting of 12 members (7 men and 5 women) is selected every year by the Gram Sabha. Gram Sabha meets with the Jongol Surakshya committee every three months. Emergency meetings are held as issues arise. Annual general meetings are held in the month of April.,Gram sabha | CFR Committee,,"Thengapali system is undertaken by both men and women. Every day 2 people from the village go to the forest. While men perform thengapali duties in the reserve forest, women do thengapalli in the revenue forest. Pali badal is allowed if the allocated person is absent. Lighting of any kind of fire is strictly prohibited. When any outsiders are caught stealing timber or NTFPs from the community-protected forest, their respective gram sabha is reported. Restricted collection of fuelwood but special provision for people belonging to SC & ST community. They can also collect NTFPs for commercial purposes For example 3 ST families are allowed to collect Salia and Konta bamboo and sell their product. NTFPs can be collected by people of the village only whereas medicinal plants can be collected by people of neighboring villages too for personal use with the prior permission of the committee.","Fire Management | Regulation of harvest     | Patrolling, watch and ward | Soil and water conservation ",,Reserve forest | Village forest | Community Forest Resource Rights (CFR) under Forest Rights Act (FRA),Yes,CFR claims recognised,23.07.2014,,22.11.2021,,CFRMC constituted and endorsed by Gram Sabha,Forest Department | Revenue department | Community Owned,,,,Cut fodder | Grazing | Firewood | Non-timber forest produce | Timber | Fish,"Community empowerment | Assured land ownership or access | Revival of cultural/religious associations
","Improvement and restoration of natural habitat | Increase in diversity and population of wildlife | Increase in diversity of crops, livestock, fish | Improvement in ecological services such as water supply and soil fertility

",,,Changing socio-cultural practices and aspirations,Restrictive laws and policies   | Unwanted extraction     | Invasive or non-native species,,,,Through participation and consent of entire community,Vasundhara,2023,,"Thengapalli- A traditional practice in many parts of Odisha for forest protection by local communities, where a stick (thenga) symbolically represents ones turn for forest protection.",,,
7,Khetribarpur,Khetribarpur,,India,20.0675408 | 85.2994028,29.76,Forest,,OTFD,37,155,Based on traditional practice | Revived by community initiative,,1998,Livelihood (Subsistence/Economic) | Ecological functions (ecosystem services) | Self empowerment (including land ownership/access security) | Religious/cultural sentiments (including sacred landscapes) | Wild Biodiversity conservation | Response to external threat,,Yes,"The CCA is part of Ma Maninag Jungle Surkshya Parishad, a block-level federation of CCAs of 217 villages. ",Village committee also act as forest protection committee. It consists of 7 members including 4 men and 3 women. Gram Sabha meets with the committee every month. An emergency meeting is held whenever the need arises. Annual general meeting is held in august.,Gram sabha | CFR Committee,,"Thengapalli is performed by 1 man every day. Pali Badal is allowed. The pallia for a household without a male member can be done by other men for which the household will pay a labor charge. Villagers proactively stop the spreading of forest fires. NTFP and firewood can be accessed only by the member of the village. Special provisions to cut timber for funerals, house construction, etc. are there with the prior permission of the committee. The Dalit Members of the village are free to use and sell bamboo and its products.","Fire Management | Regulation of harvest     | Patrolling, watch and ward ",,Reserve forest | Village forest | Community Forest Resource Rights (CFR) under Forest Rights Act (FRA),Yes,CFR claims recognised,12.08.2014,,22.11.2021,,CFRMC constituted and endorsed by Gram Sabha,Forest Department | Revenue department | Community Owned,,,,Cut fodder | Grazing | Firewood | Non-timber forest produce | Timber ,"Community empowerment | Assured land ownership or access | Revival of cultural/religious associations
","Improvement and restoration of natural habitat | Increase in diversity and population of wildlife | Increase in diversity of crops, livestock, fish | Improvement in ecological services such as water supply and soil fertility

",,,Changing socio-cultural practices and aspirations,Restrictive laws and policies   | Unwanted extraction     | Invasive or non-native species,,,,Through participation and consent of entire community,Vasundhara,2023,,"Thengapalli- A traditional practice in many parts of Odisha for forest protection by local communities, where a stick (thenga) symbolically represents ones turn for forest protection.",,,
8,Basudia,Bsudia,,India,20.03642139 | 85.32504739,68.58,Forest,Godgudi nala which earlier used to be a source of irrigation for villagers and also for the use of wildlife has now been captured by a private businessman.,OTFD,256,1050,Based on traditional practice | Revived by community initiative,,1980,Livelihood (Subsistence/Economic) | Ecological functions (ecosystem services) | Self empowerment (including land ownership/access security) | Religious/cultural sentiments (including sacred landscapes) | Wild Biodiversity conservation | Response to external threat,,Yes,"The CCA is part of Ma Maninag Jungle Surkshya Parishad, a block-level federation of CCAs of 217 villages. ",Basudia Jongol Surakshya committee consisting of 15 members is elected every year. Gram Sabha meets with the forest protection committee every month. An emergency meeting can be held whenever the need arises. An annual general meeting is held on the day of Dol Purnima.,Gram sabha | CFR Committee,,"Thengapalli system of protection is undertaken. Only male members perform thengapalli. Every day 2 people go for thengapalli. Palli badal or guarding by the substitute is allowed. Before the summer season, Jongol Surakshya Committee conducts meeting with the entire village to spread awareness about forest fires. Firelines are created with the help of the entire village and everyone comes together in case of forest fire to stop the spread. Collection of fuelwood is restricted but special provision is there for SC members. They have exclusive right to collect bamboo and sell bamboo products for a living. NTFPs can be collected by anyone in the village for personal and commercial use. Siali leaves are collected by ST members. Medicinal plants can be collected only by the members of the village for personal use.","Fire Management | Regulation of harvest     | Patrolling, watch and ward ",,Reserve forest | Village forest | Community Forest Resource Rights (CFR) under Forest Rights Act (FRA),Yes,CFR claims recognised,25.07.2014,,22.11.2021,,CFRMC constituted and endorsed by Gram Sabha,Forest Department | Revenue department | Community Owned,,,,Cut fodder | Grazing | Firewood | Non-timber forest produce | Timber ,"Community empowerment | Assured land ownership or access | Revival of cultural/religious associations
","Improvement and restoration of natural habitat | Increase in diversity and population of wildlife | Increase in diversity of crops, livestock, fish | Improvement in ecological services such as water supply and soil fertility

",,,Changing socio-cultural practices and aspirations,Restrictive laws and policies  | Unwanted extraction     | Invasive or non-native species,,,,Through participation and consent of entire community,Vasundhara,2023,,"Thengapalli- A traditional practice in many parts of Odisha for forest protection by local communities, where a stick (thenga) symbolically represents ones turn for forest protection.",,,
9,Shrikrushnapur,Shrikrushnapur,,India,20.06126000 | 85.15263297 ,65.79,Forest,Gorgoria jharna is being used for irrigation purposes. A reservoir is getting constructed on this jharna.,44 HHs OTFD + 4 HHs ST,48,200,Based on traditional practice | Revived by community initiative,,1980,Livelihood (Subsistence/Economic) | Ecological functions (ecosystem services) | Self empowerment (including land ownership/access security) | Religious/cultural sentiments (including sacred landscapes) | Wild Biodiversity conservation | Response to external threat,,Yes,"The CCA is part of Ma Maninag Jungle Surkshya Parishad, a block-level federation of CCAs of 217 villages. ",10 member strong Srikrushna Jungle Surakshya Committee is selected every year by the Gram Sabha. The committee meets whenever a issue related to forest arises.,Gram sabha | CFR Committee,,Thengapalli is undertaken by 1 male member. There is a provision of Palli badal. Preparedness for fire protection is also there amongst the people.,"Fire Management | Regulation of harvest     | Patrolling, watch and ward | Soil and water conservation    ",,Reserve forest | Village forest | Community Forest Resource Rights (CFR) under Forest Rights Act (FRA),Yes,2. CFR claims recognised,28.07.2014,,22.11.2023,,CFRMC constituted and endorsed by Gram Sabha,Forest Department | Revenue department | Community Owned,,,,Cut fodder | Grazing | Firewood | Non-timber forest produce | Timber ,"Community empowerment | Assured land ownership or access | Revival of cultural/religious associations
","Improvement and restoration of natural habitat | Increase in diversity and population of wildlife | Increase in diversity of crops, livestock, fish | Improvement in ecological services such as water supply and soil fertility

",,,Changing socio-cultural practices and aspirations,Restrictive laws and policies   | Unwanted extraction     | Invasive or non-native species,,,,Through participation and consent of entire community,Vasundhara,2023,,"Thengapalli- A traditional practice in many parts of Odisha for forest protection by local communities, where a stick (thenga) symbolically represents ones turn for forest protection.",,,
10,Kodalpalli and Sinduria,Kodalpalli and Sinduria,,India,20.10821139 | 85.27486700,307.64,Forest,Waterholes inside the forest are left for the drinking purposes of wild animals.,ST HHs 20 + OTFD HHs 5,25,90,Based on traditional practice | Revived by community initiative,,1990,Livelihood (Subsistence/Economic) | Ecological functions (ecosystem services) | Self empowerment (including land ownership/access security) | Religious/cultural sentiments (including sacred landscapes) | Wild Biodiversity conservation | Response to external threat,,Yes,"The CCA is part of Ma Maninag Jungle Surkshya Parishad, a block-level federation of CCAs of 217 villages. ",Jongol Surakshya Committee is selected every year by the Gram Sabha. It meet atleast once in a month. Annual general meeting is held once in a year before monsoon.,Gram sabha | CFR Committee,,Thengapalli system is undertaken by 1 female member. Earlier 4 female members used to go for Thengapalli but the rule has been relaxed now as the conflict around the forest has reduced now and the forest has largely improved. Preparedness for forest fire protection is there. There is restricted use of the forest for fuelwood amongst the communities. Live trees cannot be cut for fuelwood. Commercial use of fuelwood is prohibited. Outsiders are not allowed in the forest. Members of both the village can collect NTFPs and Medicinal plants from the forest. Grazing is prohibited during monsoon season to allow the regeneration of the forest. ,"Fire Management | Regulation of harvest     | Patrolling, watch and ward | Soil and water conservation    ",,Reserve forest | Village forest | Community Forest Resource Rights (CFR) under Forest Rights Act (FRA),Yes,CFR claims recognised,25.07.2014,,22.11.2021,,CFRMC constituted and endorsed by Gram Sabha,Forest Department | Revenue department | Community Owned,None,,,Cut fodder | Grazing | Firewood | Non-timber forest produce | Timber ,"Community empowerment | Empowerment of women/youth/disadvantaged sections | Assured land ownership or access | Revival of cultural/religious associations | Mitigation of external threat
","Improvement and restoration of natural habitat | Increase in diversity and population of wildlife | Increase in diversity of crops, livestock, fish | Improvement in ecological services such as water supply and soil fertility

",,,Changing socio-cultural practices and aspirations,Restrictive laws and policies   | Unwanted extraction     | Invasive or non-native species,,,,Through participation and consent of entire community,Vasundhara,2023,,"Thengapalli- A traditional practice in many parts of Odisha for forest protection by local communities, where a stick (thenga) symbolically represents ones turn for forest protection.",,https://www.downtoearth.org.in/news/forests/after-40-years-nayagarh-villagers-finally-reap-benefits-of-cashew-plantation-84864,
11,Guptaganga Jungle Surkshya Committee,Guptaganaga,,India,21.497 | 85.555,,Forest,"It is believed that river Baitarni which is one of the sacred river of Odisha originates from this village. After orginating, it disappears and then reappears, hence the village is called Guptaganga or hidden Ganga. Another story says that river Baitarni (which is sacred as Ganga), Jamuna Jharana (sacred as Yamuna stream) and Jhiripani Jharana (sacred as Sarswati) surrounds the village from all side but remains underground, hence the name Guptaganga. There are 4 sacred grooves, Ramchandi in Podadihi forest, Rushitangara in Boulpatas, Gadhuabeta in Nagasaria and Ganasika in Baitarnipata. The legend says that once all the houses in that forest burned hence the name Podadihi. Rushitangara is the abode of goddess Boulpatas, Gadhuabeta is abode of goddess Nagasaria and Ganasika forest patch is the abode of goddess Baitarnipata.
Stream water can be used for fishing and irrigation purposes. 
","PVTG (Juang) 73 Households, + 6 OTFD",79,350,Based on traditional practice | Revived by community initiative | New initiative by government agency | New initiative by external non-government agency,"Juang are primarily believed to be a semi-nomadic tribe who wander from place to place foraging wild fruits, roots and tuber. There was no outside intereference to their culture and tradition untill recent history. In 1969 social worker Sri Rabi Patnaik started working for the developmet of juang. It was upon his suggestion that the name of the village has been changed to ""Guptaganga"" from ""Baruda"" during the land settlement in 1971-72. The name of the village has its relevence to the way river Baitarni originates, disappears and reappears.
Informally, people's efforts to conserve started from 1960s but Guptaganga Jungle Surkshya Committe formed in 1991.",1991,"Livelihood (Subsistence/Economic) | Ecological functions (ecosystem services) | Self empowerment (including land ownership/access security)
| Religious/cultural sentiments (including sacred landscapes) | Wild Biodiversity conservation | Agricultural and livestock diversity conservation | Response to external threat",,Yes,The CCA is part of Juang Development Authority (JDA) and Sarvodaya Seva Samiti. JDA was established by the government in 1980 whereas Sarvodaya Seva Samiti was established by Sri Rabi Patnayak for the development of Juang vilages.,"The community leader looks after the local administration and governance. They are entitled and addressed locally as Sardar, Pradhan, Naik, Boita and Dakua. The hierarchy begins from Sardar and ends at Dakua. Mandaghara or Majang is the Judicial Court. Issues related to inter village conflicts are reffered to Juang pidha of the respective village. A forest protection committee has been formed and it comprises of 07 members in its executive body where 03 members are women. All the adult residents of the village are members of general body.",Gram sabha | CFR Committee,,"Jhuridali system - Where all the members of the community touch the handia or rice beer and vow to protect and not to destroy the forest. Jhuridali is considered as a sacred vow and it symbolizes loyalty and commitment to the promise. A forest protection committee has been formed to manage the resources from the forest. The boundry of forest is demarcated. The village motivates neighbouring village to protect their own forests so that they don't enter in the forest protected by Guptaganga. Resident of other village must take permission from the forest protection committee of guptaganga before entering in their forest. Podu or Jhoom cultivation has been contained to allready existing plots. Every household in the village is free to collect NTFPs for personal and livelihood purpose from the forest under village protection. They also have all the rights to access sacred grooves and take their cattles for grazing. Commercially important NTFPs like Kusum and Mangoes are collected commonly and deposited to the committee. The committee then divides these produce equally to all the households. Cutting of green trees is strictly prohibited for fuelwood or other purposes.

Every member of the general body should donate an amount of 01 Kg paddy for annual subscription. This fund is utilized for the management of forest protection. The forest patrolling duties are assigned to an individual on a rotational basis. However, the whole of village takes the responsibility of protecting the forest round the clock. Residents of other villages need to pay a nominal fees after getting permission of the committee if they want to collect NTFPs from the forest of Guptaganga. ","Fire Management | Regulation of harvest     | Patrolling, watch and ward | Soil and water conservation    ",,Reserve forest | Village forest | Community Forest Resource Rights (CFR) under Forest Rights Act (FRA),Yes,,,,,,,Forest Department | Revenue department | Community Owned,,Yes,,Cut fodder | Grazing | Firewood | Non-timber forest produce | Timber | Fish,"Community empowerment | Empowerment of women/youth/disadvantaged sections | Assured land ownership or access | Revival of cultural/religious associations | Mitigation of external threat
","Improvement and restoration of natural habitat | Increase in diversity and population of wildlife | Increase in diversity of crops, livestock, fish | Improvement in ecological services such as water supply and soil fertility

",,,Conflict with other communities,Unwanted development pressures | Unwanted extraction    ,,,,Through participation and consent of entire community,Vasundhara,2010,,,"Vasundhara (2010), The Semantic of CFM",,
12,Soren Jungle Surkashya Committee,Gunduriposi,,India,,,Forest,Village sacred grove (pitha) is spread on one acre of Sal forest. Santhal believes that their deity resides in Sal and Mahua trees so they consider these trees sacred and the entire village protects these trees along with sacred groves. Jaharay is worshipped as the goddess of the Santhal tribe. The place where Jaharay resides opens to the public only during festivals and remains closed for the rest of the season. ,Santhal (ST),40,180,,"From 1970s, there was a considerable decrease in the availability of forest produce impacting the livelihood of village people. Residents of Gundriposi observed that outsiders are coming to their forest and indscriminately destroying the forest. The village started discussing about the ways of protecting the forest. They got motivation from the volunteers of CACD. They also got inspired from forest protection committees of the neighbouring village. Eventually in 1997, they constituted an informal forest protection group and named it Padmanabha Jubak Sangh.

Gundriposi was once a thick jungle. This place was accidentaly found by a trio while wandering in the jungle. It was a large plain area, suitable for cultivation on the opposite banks of the river. Initially, only three familly settled here but slowly it became a small village. Since Gunduri Chadhei (Partridge) was found abundantly in the forest hence, the village was named as Gunduriposi. It is situated in Harischandrapur block of Keonjhar district, dominated mostly by Santhal tribe. Then the king issued them with the settlement pattta (RoR). In the recent past every family paid an ammount of Rs. 05/- each to the Revenue inspector to receive the Indira Gandhi Patta.

People's efforts towards conserving their forest started from1997 (informal), but a formal forest protction committee was constituted in 2006 and named Soren Jungle Surkashya Committee",2006,Livelihood (Subsistence/Economic) | Ecological functions (ecosystem services) | Self empowerment (including land ownership/access security) | Religious/cultural sentiments (including sacred landscapes) | Wild Biodiversity conservation | Response to external threat,,,,The village has a forest protection committee that includes a general body consisting of all the adult members of the village and an executive committee of 12 members to handle emergency situations. The executive committee assembles once every fortnight while the general body assembles once every month. A resolution is passed only after a collective decision.,Gram sabha | CFR Committee,,"Following are the rules and regulations for the Gundriposi forest protection committee:- 1) All the villagers should participate in forest protection and share the vigilance duties. 2) People can collect fuel wood and poles from the forest for household and agriculture purposes with the committee's permission but the selling of timber is prohibited. 3) Women actively share forest patrolling duties as the timber mafia seldom assaults women. 4) The general body is empowered to reprimand in case of violation of rules. 5) Every village member is allowed to collect and sell NTFPs from the forest 6) Every village member can take their cattle to the forest for grazing but they should not harm green trees. 7) Neighbouring villages Gelamunda, Bailabeda, Ravangadia, Ganighasa, Kebeda,etc., have access and use rights over NTFPs.","Fire Management | Regulation of harvest     | Patrolling, watch and ward | Soil and water conservation    ",Activities like lopping off branches for fuelwood were restricted during the early days of protection. People were allowed to collect only dry fallen twigs. This led to the natural growth of the forest. ,Reserve forest | Village forest | Community Forest Resource Rights (CFR) under Forest Rights Act (FRA),Yes,,,,,,,Forest Department | Revenue department | Community Owned,,Yes,,Cut fodder | Grazing | Firewood | Non-timber forest produce | Timber ,"Community empowerment | Empowerment of women/youth/disadvantaged sections | Assured land ownership or access | Revival of cultural/religious associations | Mitigation of external threat
","Improvement and restoration of natural habitat | Increase in diversity and population of wildlife | Increase in diversity of crops, livestock, fish | Improvement in ecological services such as water supply and soil fertility

",,,Conflict with other communities | Reduced awareness about biodiversity and its value | Lack of resources and pressures of poverty | Over-harvesting from within the community | Changing socio-cultural practices and aspirations,Unwanted development pressures | Unwanted extraction    ,,,,Through participation and consent of entire community,Vasundhara,2010,,,"Vasundhara (2010), The Semantic of CFM",,
13,Aalu Ghati Bana Surakshya Committee,Rangamatia,,India,"21.26133 | 85.627628
",48,Forest,"The sacred groove (pitha) of this village is located inside the Aalu Ghati forest 01 km. away from the village, towards the East. Trees of sal, piasal, kuruma (indrajaba), mundikuruma (pituli), dhala, amala, harida, bahada, kusum, kendu, char, mahula, gambhari and many other trees are found in the sacred groove. These trees are never harmed.","Santhal (ST), Ganda (ST), Gouda (OBC)",37,145,,"In vernacular language, ""Ranga Mati"" means ""charred Soil"". 100 year ago people from Kusumunda village of Singhbhum district of Bihar migrated and settled here.

Before the 1980s, there was dense forest around the village. Villagers used to collect food, fuelwood, and timber as well as fetch water from the forest streams. In the early 1980s, forest department colluded with the timber mafia and started indiscriminate cutting of forests. This led to a shortage of forest food as well as water in the stream. When villagers realized this, they came together and decided to protect the forest around their village from further destruction.

Forest protection existed from 1985 but a formal committee was formed in 2008.",2008,Livelihood (Subsistence/Economic) | Ecological functions (ecosystem services) | Self-empowerment (including land ownership/access security) | Religious/cultural sentiments (including sacred landscapes) | Wild Biodiversity conservation | Response to external threat,,,,"There exists a forest protection committee that consists of 9 members. The president, secretary, and the assistant secretary were selected among these 9 members. There is also a general body that consists of all the adult members of the village. All households have to pay a fixed amount towards the committee fund. This fund is disbursed at times of emergency or communal celebrations.",At least two members from each household are members of the general body. Almost all the villagers participate in the general body meeting. ,,"Protection happens through the Thengapali system. Everyone in the village is allowed to access, use and sell MFPs, small timber, and poles for house construction. People from neighboring villages Shrishpala, Gobara, and Kekiamunda, are allowed to collect dried fallen twigs and leaves as well as MFPs. In case of any forest fire, everyone in the village is expected to extinguish the fire. ","Fire Management | Regulation of harvest     | Patrolling, watch and ward | Soil and water conservation    ",,Reserve forest | Village forest | Community Forest Resource Rights (CFR) under Forest Rights Act (FRA),Yes,CFR claims recognised,,,,,,Forest Department | Revenue department | Community Owned,,Yes,,Cut fodder | Grazing | Firewood | Non-timber forest produce | Timber | Fish ,"Community empowerment | Empowerment of women/youth/disadvantaged sections | Assured land ownership or access | Revival of cultural/religious associations | Mitigation of external threat
","Improvement and restoration of natural habitat | Increase in diversity and population of wildlife | Increase in diversity of crops, livestock, fish | Improvement in ecological services such as water supply and soil fertility

",,,,Restrictive laws and policies   | Unwanted extraction     | Invasive or non-native species,,,To strengthen the forest protection mechanism by involving neighboring villages and the forest department.,Through participation and consent of entire community,Vasundhara,2010,,,"Vasundhara (2010), The Semantic of CFM",,
14,Saatjanya Jungle Surakshya committee,Kusumgadiya,,India,"20.263719 | 84.839739
",64.96,Forest,"There is a river on the boundary of the village. There is a dam and canal on the river. The village is on the downside of the dam. Water quantity is less but water is released when it is needed for irrigation. Generally, the river is used for washing cattle, fishing, etc.",ST and OTFD,85,300,,,1995,Livelihood (Subsistence/Economic) | Ecological functions (ecosystem services) | Self-empowerment (including land ownership/access security) | Religious/cultural sentiments (including sacred landscapes) | Wild Biodiversity conservation | Response to external threat,,,,Thengapali system is followed. A Forest protection committee exists consisting of 12 members in CFRMC and a general body consisting of all the adult members of the village. CFRMC holds its meeting every month and the general body meeting is conducted once a year or when the need arises.  ,,,Thengapali system is undertaken. NTFP can be collected by every village member. Fuelwood can be collected only once in a week and maximum one headload is allowed for every household. Medicinal plants can be collected from member of other villages but only with the permission of CFRMC.,"Fire Management | Regulation of harvest     | Patrolling, watch and ward | Soil and water conservation    ",,Reserve forest | Village forest | Community Forest Resource Rights (CFR) under Forest Rights Act (FRA),Yes,CFR claims recognised,2019,,8.1.2022,,CFRMC constituted and endorsed by Gram Sabha,Forest Department | Revenue department | Community Owned,,,,Cut fodder | Grazing | Firewood | Non-timber forest produce | Timber | Fish ,"Community empowerment | Empowerment of women/youth/disadvantaged sections | Assured land ownership or access | Revival of cultural/religious associations | Mitigation of external threat
","Improvement and restoration of natural habitat | Increase in diversity and population of wildlife | Increase in diversity of crops, livestock, fish | Improvement in ecological services such as water supply and soil fertility

",,Commercial utilization of bamboo is possible as there is abundant bamboo in the forest.,Conflict with other communities | Reduced awareness about biodiversity and its value | Lack of resources and pressures of poverty | Over-harvesting from within the community | Changing socio-cultural practices and aspirations,Restrictive laws and policies   | Unwanted extraction     | Invasive or non-native species,,The village forest has abundant bamboo. A proper bamboo management plan is needed to tap the income generation potential from bamboo in a sustainable manner.,Villagers are planning for the plantation of fruiting and timber trees like cashew and sagwan.,Through participation and consent of entire community,Vasundhara,2023,,"Thengapalli- A traditional practice in many parts of Odisha for forest protection by local communities, where a stick (thenga) symbolically represents ones turn for forest protection.","Vasundhara (2010), The Semantic of CFM",,
15,Radhakrishna Jungle Surakhiya Committee,Krushnapur,,India,21.256932 | 85.481022,202,Forest,The sacred grove of the village is located amidst agricultural fields. This is the abode of the village deity Gramshree. She is considered the malik (owner) of the village. Nobody is allowed to cut or harm trees in the sacred grove. Nuakhai festival is celebrated in the name of Gramshree every year. The harvests are first offered to the deity on this festival and only then the villagers sell or consume the grains.,"ST (Bathudi, Juanga, Munda, Sahara, Ganda and Sunti) + OTFD",180,600,,"The initial mobilization was done by an NGO named RVDO in 2002. A formal protection committee was formed in 2004. In 2007 another NGO, CACD Network, Keonjhar, restored the forest protection efforts of the village after it had lost steam. ",2004,Livelihood (Subsistence/Economic) | Ecological functions (ecosystem services) | Self-empowerment (including land ownership/access security) | Religious/cultural sentiments (including sacred landscapes) | Wild Biodiversity conservation | Response to external threat,,,,The village has a forest protection committee that includes a general body consisting of all the adult members of the village and an executive committee of 12 members to handle emergency situations. The executive committee assembles once every fortnight while the general body assembles once every month. A resolution is passed only after a collective decision.,,,"Traditional system of forest patrolling in which a group of ten individuals goes through the forest on a relay basis. Tree felling is stopped and timber smuggling is deterred. Collection of only small branches, leaves, and small wood is allowed as fuel wood. Extraction of small wood for making agriculture implements is allowed only after the consent of the forest protection committee. Everyone from the village is allowed to collect NTFPs from the forest for personal use and selling, without any restriction. People from neighboring villages are also allowed to collect NTFPs after the permission of the forest protection committee. Nomadic community like Molar community is allowed to collect honey and Jhuna (lac) from the village-protected forest. 
The forest conservation rules are usually framed by the general body and executed by the executive committee. The general body also oversees the implementation of these rules. Violation of forest protection rules makes a person liable to punishment which could be, paying cash for fine or in most cases a strict warning is issued. ","Fire Management | Regulation of harvest     | Patrolling, watch and ward | Soil and water conservation    ",,Reserve forest | Village forest | Community Forest Resource Rights (CFR) under Forest Rights Act (FRA),Yes,CFR claims recognised,,,,,,Forest Department | Revenue department | Community Owned,,Yes,,Cut fodder | Grazing | Firewood | Non-timber forest produce | Timber | Fish ,"Community empowerment | Empowerment of women/youth/disadvantaged sections | Assured land ownership or access | Revival of cultural/religious associations | Mitigation of external threat
","Improvement and restoration of natural habitat | Increase in diversity and population of wildlife | Increase in diversity of crops, livestock, fish | Improvement in ecological services such as water supply and soil fertility

",,,Over-harvesting from within the community | Changing socio-cultural practices and aspirations,Restrictive laws and policies   | Unwanted extraction     | Invasive or non-native species,,,"1. Association with state-level forest federations like Odisha Jungle Mancha. 2. Protecting forest from any further degradation and discourage activities like stone quarrying, etc. ",Through participation and consent of entire community,Vasundhara,2010,,,"Vasundhara (2010), The Semantic of CFM",,
16,Brahmanimal Jungle Suraksha Committee,Brahmanimal,,India,21.352984 | 84.652245,90,Forest,,"ST - Oram, Kandha, Khadia, Munda and OTFDs",80,350,,"The forest conservation efforts were initiated during 1980s when people felt the scarcity of forest resources. The villagers started protecting the forests since 1990s under the leadership of Dhiren Dhal. 

It is said that king Basudev, the ruler of Deogarh, a princely state in 1888, brought Kandha, Bendakar, and Bhuiyan tribes down the hill to help them live with less hardship. However apart from the Kandha community, the rest couldn't acclimatize to their new surroundings and went back to their original habitat. During 1950/51, communities like Munda, Oram, and Khadia came and settled here. Around 1974/75, the displaced families of the Rengali dam project came and settled here. In 1979/80 , a barber and Gouda (milkman) family came and settled here. ",1992,Livelihood (Subsistence/Economic) | Ecological functions (ecosystem services) | Self-empowerment (including land ownership/access security) | Religious/cultural sentiments (including sacred landscapes) | Wild Biodiversity conservation | Response to external threat,,Yes,"The CCA is part of Zila Jungle Manch, Deogarh.",The village has a forest protection committee that includes a general body consisting of all the adult members of the village and an executive committee of 15 members to handle day-to-day governance related issues to the forest. The executive committee assembles once every month while the general body assembles once every three months. A resolution is passed only after a collective decision. The general body decides the rules and regulations related to forest protection. Members who do not attend village meeting without a genuine reason have to pay penalty.,,,"Everyday, villagers go either in pairs or groups for thengapalli or rotational guarding to patrol the forest. A colored thenga or baton is used and handed over the forest patrolling duties from one group to another. To regulate thengapalli, two kinds of sticks are used for two patches. A bamboo stick is used for the Khesra forest and a wooden stick for the reserve forest area. To contain unregulated felling and maintain biodiversity certain tree species are forbidden from felling. This includes Sal, Piasal, Bandhana, Kendu, Khaira, Mohua, Arjuna, etc. People who abscond from forest protection duty have to pay a penalty. If anyone is found felling trees without the permission of the village institution, he or she is penalized. In case of a forest fire, everyone is expected to come for help in putting off the fire. There is no restriction on the collection of MFPs and fuelwood for the members of the village. However, the village general body and the forest protection committee decides the quantity of small timber and fuel wood that can be extracted. The village committee opens the forest once a year during the month of April and May to perform thinning operations and make fire lines to prevent forest fires. The residues of these operations are equally distributed among all the households of the village. ","Fire Management | Regulation of harvest     | Patrolling, watch and ward | Soil and water conservation    ",,Reserve forest | Village forest | Community Forest Resource Rights (CFR) under Forest Rights Act (FRA),Yes,CFR claims recognised,,,,,,Forest Department | Revenue department | Community Owned,,,,Cut fodder | Grazing | Firewood | Non-timber forest produce | Timber | Fish ,"Community empowerment | Empowerment of women/youth/disadvantaged sections | Assured land ownership or access | Revival of cultural/religious associations | Mitigation of external threat
","Improvement and restoration of natural habitat | Increase in diversity and population of wildlife | Increase in diversity of crops, livestock, fish | Improvement in ecological services such as water supply and soil fertility

",,,Conflict with other communities | Reduced awareness about biodiversity and its value | Lack of resources and pressures of poverty | Over-harvesting from within the community | Changing socio-cultural practices and aspirations,Restrictive laws and policies   | Unwanted extraction     | Invasive or non-native species,,,,Through participation and consent of entire community,Vasundhara,2010,,"Thengapalli- A traditional practice in many parts of Odisha for forest protection by local communities, where a stick (thenga) symbolically represents ones turn for forest protection.","Vasundhara (2010), The Semantic of CFM",,
17,Ganesh Jungle Suraksha Committee,Budhabahal ,,India,21.567036 | 84.876705,20,Forest,"The sacred grove of the village is spread over 10 acres inside the forest. This patch of forest is called Debta Sthal and is considered sacred and holy. It is believed that the village deity Gramshree reside in the sacred grove. Trees in the sacred grooves are never harmed or cut. It is believed that God resides in trees of Bara and Jari, hence these trees are never harmed. It is believed that eligible bachelors and spinsters would get married immediately if these trees are planted together. Villagers regularly visit the sacred grove to offer rites and perform rituals. There is a small hillock named Chilla Pahad located close to the village. It was said that monks used to meditate at this place in ancient days. Locals believe that Gods frequent this place, hence it is always found clean and hallowed. Every year locals visit this cave on Makar Sankranti festival to offer rites. 
Villagers are free to use forest streams for drinking and irrigation purposes.",ST and OTFD,48,200,,"The forest around the village was cut indiscriminately after the independence by the timber mafia. Thinning of the forest led to a crisis of livelihood and subsistence for the residents of this village who are mostly marginal farmers and many of them are under the BPL category. They are dependent on the forest completely during the lean season and during the time of drought. Realizing the adverse effect of deforestation, a small group of young men from the village initiated forest protection during the 1980s. A formal forest protection committee was constituted in year 1985. Budhabahal village was initially established for defense and to serve as Khamar (grain warehouse) for royals. It was named after the pet name (Budha Pateita) of one of its rulers. Towards the end of the 1970s, some more people migrated here having been displaced by the Rengali Dam project. Ganda, Harijan, Kandara, and Gouda communities reside in this village. ",1985,Livelihood (Subsistence/Economic) | Ecological functions (ecosystem services) | Self-empowerment (including land ownership/access security) | Religious/cultural sentiments (including sacred landscapes) | Wild Biodiversity conservation | Response to external threat,,Yes,"The CCA is part of Zila Jungle Manch, Deogarh.","The Forest Committee for the village has a general body and two executive committees to look after the forest protection affairs. All the adults of the village are members of the general body which holds its meeting once every month. It's mandatory for everyone to participate in the general meeting. Failing to participate in the meeting without prior information and a valid reason makes a person liable for a fine. Out of the two executive committees, one committee comprises of all women members. A separate women's executive committee is formed to deal with the timber mafias who are generally male and do not attack women due to cultural reasons.  

Both the executive committees comprise a chairperson and a secretary. The executive committee is usually elected once every five years by the villagers at the general body meeting. The executive committee drafts the rules of forest protection and the general body approves them. The general body also appraises the performance of the executive committee. ",Executive committee,,"Nobody should enter into the village's Khesra Forest, under regeneration. Dry fuelwood should be collected from the reserve forest. Every family should donate some amount towards the forest management fund. MFPs such as kendu leaves, siali leaves, mahula, kendu fruit shall be collected from the reserve forest without harming the trees. Small timber necessary for house construction and mking agricultural implements can be harvested after paying the preset amount and receiving permission of the executive committee. Every day 4 villagers should attend the forest patrolling duties on a rotational basis. The offender should be produced before the executive committee for further action. Anyone who is found guilty of violating the rules of the forest protection committee is liable for a fine. Villagers are free to collect MFPs, fuel wood and graze their cattle in the forest. People from neighboring villages can extract the forest products but only after the permission of the executive committee of the village.  

Following are the responsibilities of the village forest protection committee:- 1. Extinguishing forest fire. 2. Protection of forest flora and fauna. 3. Carrying out the forest management activities such as cultural operation, thinning, and weeding. 4. Distribution of the residue from cultural operations among the villagers for nominal fees.5.  Dealing with forest offense cases. 6. Convene monthly general body meetings as well as meetings during emergencies. ","Fire Management | Regulation of harvest     | Patrolling, watch and ward | Plantations and restoration activities | Soil and water conservation    ",,Reserve forest | Village forest | Community Forest Resource Rights (CFR) under Forest Rights Act (FRA),Yes,,,,,,,Forest Department | Revenue department | Community Owned,,Yes,,Cut fodder | Grazing | Firewood | Non-timber forest produce | Timber ,"Community empowerment | Empowerment of women/youth/disadvantaged sections | Assured land ownership or access | Revival of cultural/religious associations | Mitigation of external threat
","Improvement and restoration of natural habitat | Increase in diversity and population of wildlife | Increase in diversity of crops, livestock, fish | Improvement in ecological services such as water supply and soil fertility

",,,Conflict with other communities | Reduced awareness about biodiversity and its value | Lack of resources and pressures of poverty | Over-harvesting from within the community | Changing socio-cultural practices and aspirations,Restrictive laws and policies   | Unwanted extraction     | Invasive or non-native species,,,,Through participation and consent of entire community,Vasundhara,2010,,,"Vasundhara (2010), The Semantic of CFM",,
18,Khajuribahal Jungle Suraksha Committee,Khajuribahal,,India,21.594087 | 84.877332,20,Forest,"There is a sacred grove in the village forest. It is believed that the village deity, Bandurga, resides in that patch of forest. An old sal tree present in the sacred grove is considered holy and worshiped by villagers. The family of the village priest takes care of the sacred forest. 
There is a nala or stream of water. Historically, 25% of the water was supplied to the king and 75% of the water was shared among the villagers. Beside the stream, there are 5 small irrigation pond in the village which is used for irrigation as well as for drinking purpose of livestock. For the drinking purpose of villagers, a tubewell has been dug. ",ST (Kandha) +SC,35,150,,"Khajuribahal village is one of the oldest villages in Barkote block in Deogarh district of Odisha. It was established by King Basudev during the 1840s, for both defense and to store food grains of the royals. The village was surrounded with Khajuri (Date palm) trees. Hence, it has been named after Khajuri trees as Khajuribahal. The village is located adjacent to the Khajuribahal Badtaila Reserve forest. This village actively participated in the freedom struggle hence the villagers were ruthlessly tormented by the British government during their reign. Some of the displaced families of the Rengali Irrigation project were resettled in the Khesra forest area of the village during the 1970s. ",1994,Livelihood (Subsistence/Economic) | Ecological functions (ecosystem services) | Self-empowerment (including land ownership/access security) | Religious/cultural sentiments (including sacred landscapes) | Wild Biodiversity conservation | Response to external threat,,Yes,"The CCA is part of Zila Jungle Manch, Deogarh.","There is a general body and an executive committee to look after the forest protection affairs of the village. One adult from every household of the main village as well as all the three hamlets is a member of the general body. The responsibility of the forest committee is to encourage all the villagers to protect and manage the common property resources and cater to the livelihood needs of the villagers. The general body also examines the performance of the executive committee. The executive committee comprises of 10 members, out of which 04 are women. 
The responsibility of the executive committee includes framing forest protection guidelines which are then approved by the general body, convening tri-monthly general body meetings, arbitrating conflicts and offenses and collecting penalities from the offenders. ",Executive committee,,"Social fencing method is used to protect the forest and deter offenders. Four villagers go for patrolling the forest every day and they are addressed as pallia. All the villagers share forest patrolling responsibility on a rotational basis. The offenders are usually made to pay money as a penalty or beg the pardon of the Jungle Suraksha committee. The money collected from penalties is used for the village welfare fund. The Jungle Suraksha Committee seek the help of the forest department if the magnitude of the offense is beyond their capacity to resolve. Most of the NTFPs, medicinal plants, and fuelwood can be freely collected by members of the village and neighboring villages but the felling of trees is strictly prohibited for everyone. Important NTFPs like Mahula flower and sal seeds are collected by the women. It is mandatory to deposit the entire amount of Mahula flower and sal seeds collected at the village forest committee and the committee then divides and distributes all the harvest equally among households of the village. Timber can be harvested only from the patch of forest earmarked for this purpose for the construction of houses and other domestic purposes. However, the sale of timber in the market is strictly forbidden.","Fire Management | Regulation of harvest     | Patrolling, watch and ward | Plantations and restoration activities | Soil and water conservation    ",,Reserve forest | Village forest | Community Forest Resource Rights (CFR) under Forest Rights Act (FRA),Yes,,,,,,,Forest Department | Revenue department | Community Owned,,Yes,,Cut fodder | Grazing | Firewood | Non-timber forest produce | Timber ,"Community empowerment | Empowerment of women/youth/disadvantaged sections | Assured land ownership or access | Revival of cultural/religious associations | Mitigation of external threat
","Improvement and restoration of natural habitat | Increase in diversity and population of wildlife | Increase in diversity of crops, livestock, fish | Improvement in ecological services such as water supply and soil fertility

",,,Conflict with other communities | Reduced awareness about biodiversity and its value | Lack of resources and pressures of poverty | Over-harvesting from within the community | Changing socio-cultural practices and aspirations,Restrictive laws and policies   | Unwanted extraction     | Invasive or non-native species,,,,Through participation and consent of entire community,Vasundhara,,,,"Vasundhara (2010), The Semantic of CFM",,
19,Ghoda Dei Jungle Surakhiya Committee,Dengajhari,,India,20.056196 | 85.243411,136,Forest,"The village deity, Maa Ghodadei Thakurani, resides in the forest patch that lies to the east of the village. No one dares to fell trees or ease themselves in this patch of forest. Trees of amba, limba, bela, bara, aswastha and sahada are considered holy and it is forbidden from felling these trees. The villagers believe that God dwells in these trees and they worship them. The hill stream near Dengajhari serves as a perennial source of water for both domestic and irrigation purposes.",ST (Kandha) +SC,31,125,,"With the increase in population, the per capita landholding decreased gradually. People encroached on grazing land and started clearing forest land for agriculture. After the large-scale destruction of forests during the 1980s, it became difficult to collect even small twigs and wood for brushing teeth and kindle fire during rituals performed at the birth of a child. Realizing the negative impact of deforestation, Dengajhari and two other villages, Lunisahi and Mardakot, collectively initiated forest conservation in the year 1980. Forest cover and wildlife in this area were depleted tremendously due to rampant tree felling and wildlife poaching that followed the nationalization of forests after India's independence. When villagers realized this, they started protecting the forest to secure their stumbling livelihood and food security. ",1980,Livelihood (Subsistence/Economic) | Ecological functions (ecosystem services) | Self-empowerment (including land ownership/access security) | Religious/cultural sentiments (including sacred landscapes) | Wild Biodiversity conservation | Response to external threat,,Yes,"The CCA is part of Ma Maninag Jungle Surkshya Parishad, a block-level federation of CCAs of 217 villages. ","A general body and an executive committee consisting of 11 members, all women, have been constituted to oversee the issue of forest protection. All the household of the village are members of the general body and it is mandatory for all the households to participate in the general body meeting convened once every year. 
The general body convenes for electing a new executive committee, if needed, to address emerging issues, formulate forest protection rules, address specific needs of the marginalized sections, use of forest produce, benefit sharing, assign patroling duties, and decide punishment to the convicted. ",Executive committee,,"Thengapali has been adopted to assign forest vigilance duties on a relay basis. Every day 04 women with thengas (baton) go for forest patrolling. At the end of the day, thengas are left at the door of the person expected to attend patrolling duties the next day. NTFPs and Medicinal plants can be collected freely by the villages involved in forest protection. The collection of fuelwood is restricted. Only dry leaves and twigs can be collected as fuelwood. No one is allowed to collect fuelwood beyond a certain limit. Timber for the construction of houses and agriculture implements can be collected only after the permission of the forest protection committee. People from neighboring villages are allowed to collect NTFPs with the permission of the executive committee without any charge. However, for collecting timber, a fee is charged from people from neighboring villages. ","Fire Management | Regulation of harvest     | Patrolling, watch and ward | Plantations and restoration activities | Soil and water conservation    ",,Reserve forest | Village forest | Community Forest Resource Rights (CFR) under Forest Rights Act (FRA),Yes,CFR claim filed and in process,,,,,CFRMC constituted and endorsed by Gram Sabha,Forest Department | Revenue department | Community Owned,,Yes,,Cut fodder | Grazing | Firewood | Non-timber forest produce | Timber | Fish ,"Community empowerment | Empowerment of women/youth/disadvantaged sections | Assured land ownership or access | Revival of cultural/religious associations | Mitigation of external threat
","Improvement and restoration of natural habitat | Increase in diversity and population of wildlife | Increase in diversity of crops, livestock, fish | Improvement in ecological services such as water supply and soil fertility

",,,Changing socio-cultural practices and aspirations,Unwanted extraction     | Invasive or non-native species,,,,Through participation and consent of entire community,Vasundhara,2023,,"Thengapalli- A traditional practice in many parts of Odisha for forest protection by local communities, where a stick (thenga) symbolically represents ones turn for forest protection.","Vasundhara (2010), The Semantic of CFM",,
20,Kalyashonda Jungle Surakhiya Committee ,Gundurabadi,,India,"20.100069 | 85.245293
",247,Forest,There is a temple of Goddess Ghodadei Thakurani in the forest. The forest patch around the temple is considered sacred. The tree in these areas is never harmed. Even trees in the graveyard are not harmed. It is believed that Lord Shiva lives in the smashana (cemetery). Not even dead branches and leaves are collected from the smashana. ,ST (Kandha) +SC,30,130,,"The realization that their livelihood is being adversely affected from forest degradation prompted the villagers to initiate forest conservation in the early 1980s. A few elders of neighboring village and Gundurabadi village convened a village commons meeting to discuss the need of forest protection. Everybody supported this initiative as repercussions of forest degradation were apparent and palpable. A village forest protection committee was constituted informally during the initial days of forest protection. It was decided that all men should share forest patrolling and protection duties on a rotational basis but there was a setback after a few years in 1990, when a dispute erupted among villagers. After that women took over forest patrolling and protection responsibility. Hitherto, women are actively involved in forest protection.",1988, Livelihood (Subsistence/Economic) | Ecological functions (ecosystem services) | Self-empowerment (including land ownership/access security) | Religious/cultural sentiments (including sacred landscapes) | Wild Biodiversity conservation | Response to external threat,,Yes,"The CCA is part of Ma Maninag Jungle Surkshya Parishad, a block-level federation of CCAs of 217 villages. ","There is a general body and an executive committee to look after the forest protection affairs of the village. The executive committee has 27 (all women) members. The general body meeting is usually convened twice a year. They may be convened more than twice in case of emergency. There is no fixed tenure of the executive committee. A new committee would be elected in case of dissatisfaction with the existing committee's performance. 
The executive committee frames the rules of forest protection and the general body approves them. Everybody abides by the rules enacted by the forest protection committee and violation makes the individual liable for punishment. ",Executive committee,,"Thengapalli is undertaken by both male and female members. Women do patrolling during the day whereas men do night patrolling. 04 women and 04 men go patrolling in their respective shifts. They are called palia. Except for palias, others are not allowed to wander in the forest. If anyone except Palia is found in the forest, he or she is brought before the committee for further action. Villagers are allowed to collect dry fuelwood from the forest only once a week. If anyone needs timber, they must seek permission of the executive committee. A preset amount should be deposited with the executive committee to receive a permit for extracting a fixed amount of timber from the forest. There is no restriction on collecting NTFPs and medicinal plants from the forest. Neighboring village people can also extract NTFPs with the permission of the executive committee. The collection of the bamboo pole is chargeable by the executive committee. ","Fire Management | Regulation of harvest     | Patrolling, watch and ward | Plantations and restoration activities | Soil and water conservation    ",,Reserve forest | Village forest ,Yes,CFR claim filed and in process,,,,,CFRMC constituted and endorsed by Gram Sabha,Forest Department | Revenue department | Community Owned,,Yes,,Cut fodder | Grazing | Firewood | Non-timber forest produce | Timber | Fish ,"Community empowerment | Empowerment of women/youth/disadvantaged sections | Assured land ownership or access | Revival of cultural/religious associations | Mitigation of external threat
","Improvement and restoration of natural habitat | Increase in diversity and population of wildlife | Increase in diversity of crops, livestock, fish | Improvement in ecological services such as water supply and soil fertility

",,,Conflict with other communities | Reduced awareness about biodiversity and its value | Lack of resources and pressures of poverty | Over-harvesting from within the community | Changing socio-cultural practices and aspirations,Restrictive laws and policies   | Unwanted extraction     | Invasive or non-native species,,,The community has planned for horticulture trees in some of the forest land.,Through participation and consent of entire community,Vasundhara,2023,,"Thengapalli- A traditional practice in many parts of Odisha for forest protection by local communities, where a stick (thenga) symbolically represents ones turn for forest protection.","Vasundhara (2010), The Semantic of CFM",,
21,Phuljhar jungle Surakhiya committee,Phuljhar,,India,"22.306876 | 84.970082
",100,Forest,,ST + OTFD (SC+Gen),120,500,,"The work on the Railway line from Rourkela to Ranchi started in 1960, taking away all the valuable forest areas in the area. The most valuable resource in the area was its Sal forests. All the Sal trees were felled and used as railway sleepers. Laying off the line itself took a lot of forest areas for all times to come. ""Thanks to God that it was a single line only"" says Manga Oram, the secretary of the present forest protection committee. In the month of December 1965, Ratia Oram, Rama Bhagat, Sakarati puja, Jinat Mian came together and proposed to take up forest protection. Many villagers were not interested in the proposal because, according to them, the group mentioned a non-existent forest. However a general body meeting was organized to discuss the possibilities of protecting forest. After prolonged deliberations, the entire village unanimously agreed to initiate forest protection. In those initial days, no committee was formed to look after the affairs of the forest. However, the four leaders who had put forward the proposal were given the main responsibility with regard to forest and its protection. Only in case of emergency or urgency, the general body meeting of the village was being called for. Similarly, 
whenever there was a need, the villagers participated and cooperated with the group of four in safeguarding the forest.",1965,Livelihood (Subsistence/Economic) | Ecological functions (ecosystem services) | Self-empowerment (including land ownership/access security) | Religious/cultural sentiments (including sacred landscapes) | Wild Biodiversity conservation | Response to external threat,,Yes,,Eight member forest committee is there for laying rules and regulations for forest protection. The committee has appointed four Moharirs (watchers) for guarding the forest. Every household contributes to the monthly salary of Moharirs in a fixed amount of grains or cash. The constitution of the forest committee is done by the general body which meets once a year. ,,,"Four watchers, locally called as Moharirs, were appointed for the protection of the 
forest. A fixed amount of money or grain is collected from each household for the payment of Moharirs. The duties & responsibilities of the moharirs included informal patrolling of the forest and informing the village (leaders ) incase of forest offense or any irregularities. Once the offender is caught, the watchers would seize the cutting instrument of the offender and then the case would come for decision. Leaders or the villagers (in case of important cases) decide the penalty which varies from case to case. A 7 member women protection force has been appointed to assist the moharirs when offender includes women. Currently, the forest provides grazing facilities, mushroom collection for three months, sal seeds, leaf and occasional use of house construction materials as well. The Secy. and Asst. Secy. of the committee can make tree grants. In case of need, the villagers have to apply in written to the committee. ","Fire Management | Regulation of harvest     | Patrolling, watch and ward | Plantations and restoration activities | Soil and water conservation    ",,Reserve forest | Village forest ,Yes,CFR claim filed and in process,,,,,,Forest Department | Revenue department | Community Owned,,,,Cut fodder | Grazing | Firewood | Non-timber forest produce | Timber | Fish ,"Community empowerment | Empowerment of women/youth/disadvantaged sections | Assured land ownership or access | Revival of cultural/religious associations | Mitigation of external threat
","Improvement and restoration of natural habitat | Increase in diversity and population of wildlife | Increase in diversity of crops, livestock, fish | Improvement in ecological services such as water supply and soil fertility

",,,Conflict with other communities | Reduced awareness about biodiversity and its value | Lack of resources and pressures of poverty | Over-harvesting from within the community | Changing socio-cultural practices and aspirations,Restrictive laws and policies   | Unwanted extraction     | Invasive or non-native species,,,,Through participation and consent of entire community,Vasundhara,2001,,,"Nayak P K & Nayak A K -  A Case of 
COMMUNITY FOREST PROTECTION 
PHULJHAR VILLAGE
Sundergarh District of Orissa (Vasundhara)",,
22,Tangurusahi jungle Surakhiya committee,Tangurusahi,,India,22.054943 | 86.003202,94.61,Forest,There is a river called Jelpa that marks the boundary of the village. The river is used for irrigation and bathing and other domestic purposes. ,ST + SC (OTFD),113,579,,,, Livelihood (Subsistence/Economic) | Ecological functions (ecosystem services) | Self-empowerment (including land ownership/access security) | Religious/cultural sentiments (including sacred landscapes) | Wild Biodiversity conservation | Response to external threat,,Yes,"The CCA is part of Zila jungle Manch, Mayurbhanj.","The CFRMC consists of 24 members and the general body includes all the voters of the village. CFRMC meet 1-2 time a month. Apart from the forest issues, CFRMC also discusses other issues related to the village like the condition of anganwadi, schools, issues related to drinking water, irrigation, etc. 
CFRMC is the authority to make rules about forest management. Decide on penalty in case of breaking of rule by anyone. It also looks after other village affairs.  ",CFR Committee,,"Thengapali system is undertaken. Every day 14 people from the village go for forest patrolling duty on a rotational basis. Members of the village are free to collect NTFPs from the forest for personal and commercial use. The collection of fuelwood is restricted. Members are allowed to collect only dry leaves and twigs as fuelwood. Cutting timber up to 3 trees is allowed for the construction of houses but permission is given only after a thorough inspection of the need. 
If any member of the village cut any tree from the forest without intimating the committee, he/she will be liable to pay a fine up to Rs 50. However, if a person from outside the village cut trees, he/she will be liable to pay a minimum fine of Rs. 1000. Absence from meeting without intimation attracts a fine of Rs 50-100. If anyone caught setting fire in the forest intentionally he will be fined for Rs 5000.","Fire Management | Regulation of harvest     | Patrolling, watch and ward | Plantations and restoration activities | Soil and water conservation    ",,Reserve forest | Village forest | Community Forest Resource Rights (CFR) under Forest Rights Act (FRA),Yes,CFR claims recognised,,,,,CFRMC constituted and endorsed by Gram Sabha,Forest Department | Revenue department | Community Owned,,,,Cut fodder | Grazing | Firewood | Non-timber forest produce | Timber | Fish ,"Community empowerment | Empowerment of women/youth/disadvantaged sections | Assured land ownership or access | Revival of cultural/religious associations | Mitigation of external threat
","Improvement and restoration of natural habitat | Increase in diversity and population of wildlife | Increase in diversity of crops, livestock, fish | Improvement in ecological services such as water supply and soil fertility

",,,Conflict with other communities | Reduced awareness about biodiversity and its value | Lack of resources and pressures of poverty | Over-harvesting from within the community | Changing socio-cultural practices and aspirations,Restrictive laws and policies   | Unwanted extraction     | Invasive or non-native species,,,,Through participation and consent of entire community,Vasundhara,2023,,"Thengapalli- A traditional practice in many parts of Odisha for forest protection by local communities, where a stick (thenga) symbolically represents ones turn for forest protection.",,,
23,Tangisahi Jungle Surakhiya Committee,Tangisahi,,India,20.309309 | 84.776606,174.34,Forest,,ST,30,120,,,2002, Livelihood (Subsistence/Economic) | Ecological functions (ecosystem services) | Self-empowerment (including land ownership/access security) | Religious/cultural sentiments (including sacred landscapes) | Wild Biodiversity conservation | Response to external threat,,Yes,"The CCA is part of Zila jungle Manch, Mayurbhanj.","CFRMC consisting of 15 members is responsible for the protection and management of forests. A minimum of one meeting of CFRMC is held every month but in case of emergency, more than one meeting is conducted. The members of CFRMCs are appointed by the Gram Sabha. ",CFR Committee,,Thengapali system of forest protection is in place. Members of the village are free to collect NTFP and medicinal plants for personal and commercial purposes. People from the neighboring village who traditionally collect NTFP from the forest can also collect NTFPs and medicinal plants but need permission from CFRMC. Collection of fuelwood is restricted. Only dry leaves and twigs can be collected as fuel wood. One household can collect one headload of fuelwood once a week. Using fire in the forest area is strictly prohibited. If someone is caught lighting fire in the forest he or she will be liable for a fine.,"Fire Management | Regulation of harvest     | Patrolling, watch and ward | Plantations and restoration activities | Soil and water conservation    ",,Reserve forest | Village forest | Community Forest Resource Rights (CFR) under Forest Rights Act (FRA),Yes,CFR claims recognised,2008,,08.01.2022,,CFRMC constituted and endorsed by Gram Sabha,Forest Department | Revenue department | Community Owned,,,,Cut fodder | Grazing | Firewood | Non-timber forest produce | Timber ,"Community empowerment | Empowerment of women/youth/disadvantaged sections | Assured land ownership or access | Revival of cultural/religious associations | Mitigation of external threat
","Improvement and restoration of natural habitat | Increase in diversity and population of wildlife | Increase in diversity of crops, livestock, fish | Improvement in ecological services such as water supply and soil fertility

",,,Conflict with other communities | Reduced awareness about biodiversity and its value | Lack of resources and pressures of poverty | Over-harvesting from within the community | Changing socio-cultural practices and aspirations,Restrictive laws and policies   | Unwanted extraction     | Invasive or non-native species,,,,Through participation and consent of entire community,Vasundhara,2023,,"Thengapalli- A traditional practice in many parts of Odisha for forest protection by local communities, where a stick (thenga) symbolically represents ones turn for forest protection.",,,
24,Pipalpadar Jungle Surakhiya Committee,Nijpipalpadar,,India,20.312803 | 84.767935,11.71,Forest,,ST + SC (OTFD),31,260,,"Approximately 30 years ago, people from other villages started cutting trees from the village forest to build a dam. When members of the village started feeling the impact of forest destruction on their livelihoods, they came together and decided to protect their forest for themselves and their future generations. Earlier forest protection committee of 10 members was formed for forest protection and management. When the village got the CFR title under FRA,2006, the traditional forest protection committee was converted into CFRMC consisting of 15 members.",1991, Livelihood (Subsistence/Economic) | Ecological functions (ecosystem services) | Self-empowerment (including land ownership/access security) | Religious/cultural sentiments (including sacred landscapes) | Wild Biodiversity conservation | Response to external threat,,Yes,"The CCA is part of Zila jungle Manch, Mayurbhanj.","A CFRMC consisting of 15 members is in place for the protection and management of the forest. The committee generally meets once in three months but in case of any emergency, it meets before the scheduled meeting. The members of CFRMC are appointed by the Gram Sabha/general body meeting in its annual meeting.",CFR Committee,,A group of 14 members from the village go as Palia for thengapali duties every day on a rotational basis. Members of the village are free to collect NTFP and medicinal plants for personal and commercial purposes. People from the neighboring village who traditionally collect NTFP from the forest can also collect NTFPs and medicinal plants but need permission from CFRMC. Collection of fuelwood is restricted. Only dry leaves and twigs can be collected as fuel wood. One household can collect one headload of fuelwood once a week. Using fire in the forest area is strictly prohibited. If someone is caught lighting fire in the forest he or she will be liable for a fine.,"Fire Management | Regulation of harvest     | Patrolling, watch and ward | Plantations and restoration activities | Soil and water conservation    ",,Reserve forest | Village forest | Community Forest Resource Rights (CFR) under Forest Rights Act (FRA),Yes,CFR claims recognised,2018,,08.01.2022,,CFRMC constituted and endorsed by Gram Sabha,Forest Department | Revenue department | Community Owned,,,,Cut fodder | Grazing | Firewood | Non-timber forest produce | Timber ,"Community empowerment | Empowerment of women/youth/disadvantaged sections | Assured land ownership or access | Revival of cultural/religious associations | Mitigation of external threat
","Improvement and restoration of natural habitat | Increase in diversity and population of wildlife | Increase in diversity of crops, livestock, fish | Improvement in ecological services such as water supply and soil fertility

",,,Conflict with other communities | Reduced awareness about biodiversity and its value | Lack of resources and pressures of poverty | Over-harvesting from within the community | Changing socio-cultural practices and aspirations,Restrictive laws and policies   | Unwanted extraction     | Invasive or non-native species,,,,Through participation and consent of entire community,Vasundhara,2023,,"Thengapalli- A traditional practice in many parts of Odisha for forest protection by local communities, where a stick (thenga) symbolically represents ones turn for forest protection.",,,
25,,Jhargaon,,India,20.263719 | 84.839739,64.34,Forest,"The village has been gifted a Jharan (spring) by the nature which provides them with drinking water as well as water for agriculture for at least three quarters a year. The Jharan is a natural water spring arising at the foothills of the mountain. Although the place of origin falls within the boundary of Madhya Pradesh, The 'Jharan' flows down into the boundary of Jhargaon. It is a big asset for the people as it provides adequate water for irrigation even during the lean season.
The water sharing is basically done on rotational basis. However, this primarily depends on the number of households which are extensively engaged in agriculture that year. If the number is more then the water is shared in a more logical way. The water is allowed to flow from 7 am to 12 noon. Rest of the time the flow is checked  when the water is allowed to be stored in a pond adjoining to the Jharan. When it is 
released the pressure is high initially. Hence the water flows to a longer distance and it is allowed to irrigate the far off fields. This is allowed till 10 am after that the water is diverted to the nearby fields. The responsibility of stopping the flow lies with the person whose turn falls on the next day. Any dispute regarding the sharing of water is settled by the hamlet committee, which consists of the ward members and the leaders.",ST+SC+OBC,100,450,,"During 1970-71 for the first time, 60 households who were members of the forest protection group gave the informal institution of forest protection a formal structure. They selected 11 member for the Executive committee, which was represented by people of all castes but dominated by Kulitas. The second attempt to protect the forest was made in 1981 and a new committee was formed by the youth of the village. They had started keeping rough written records that were also not very systematic. Things got more systematised in 1986 with the intervention of FD. The forester asked them to maintain their records properly. In 1990, the forest department formed the Forest Protection Committee with the then existing members. 

Jhargaon in pre-independence period was a part of Chandarpur Zamindari estate under Thakur Birendra Singh. During the Zamindari period, the village was given 159.60 acres of forestland for their use and management which had the status of 'Gochar'(grazing land). Under major settlement in 1976, it was designated the status of Khesra forest. Other forest areas surrounding the village were kept reserved by the Zamindar, which in later years was declared as Protected Reserve Forest. The Naka (Forest guard) was appointed by the Zamindar, looked after the other Zamindari jungle. Proper management and use of the gochar land over the years has led to development of good forest cover. According to the people, the forest was so dense and good and due to low anthropogenic pressure, they were able to meet all their demands from the forest given to them. Other people who used to take wood to make plough from the Zamindari forest had to pay 20 annas per plough and this had risen to Rs. 3.00 by the time. Zamindari was abolished in 1952.",1970,Livelihood (Subsistence/Economic) | Ecological functions (ecosystem services) | Self-empowerment (including land ownership/access security) | Religious/cultural sentiments (including sacred landscapes) | Wild Biodiversity conservation | Response to external threat,,,,"The Village has a Gramaya Committee that consists of Bhadralok or Sian (respected) persons of the village. Besides this each caste and hamlet have their own set of persons who look after the affairs of the caste or hamlets as the case may be. According to the villagers, it is more practical to resolve any conflict issues at the caste or hamlet levels than calling the village committee, but if required the village committee is called upon to resolve the issues. Other than the forest resources, the villagers have evolved an elaborate system for managing the  village commons. These management practices are believed to be as old as the village itself.",,,"In 1981, the villagers introduced the Palli system in which a stick was kept in the evening at the doorstep of the person who has to go patrolling the next day. One person from each of the hamlet was assigned to go. This system is still continuing minus the stick rather the persons are told verbally and they have to go or make arrangements. 
1. Every member who is entitled to get the share of forest products is forced to contribute in collective patrolling system. 2. If for some reason the person assigned patrolling duty is unable to go, he has to ask someone else to go in his place or else he is fined which is a days wages at the prevailing rate. 3. If the person does not inform the next patrolling member regarding his turn for the next day and he fails to turn up for the patrolling work, then the former person is fined. 4. Families unable to go for patrolling for e.g., widow HHs or older persons, contribute by hiring a labour/get the help of their relatives or send male children. 5. During emergency a watcher may be excused from his duty but he had to give company to his fellow member to the forest boundary.","Fire Management | Regulation of harvest     | Patrolling, watch and ward | Plantations and restoration activities | Soil and water conservation    ",,Reserve forest | Village forest | Community Forest Resource Rights (CFR) under Forest Rights Act (FRA),Yes,CFR claims recognised,,,,,,Forest Department | Revenue department | Community Owned,,,,Cut fodder | Grazing | Firewood | Non-timber forest produce | Timber ,"Community empowerment | Empowerment of women/youth/disadvantaged sections | Assured land ownership or access | Revival of cultural/religious associations | Mitigation of external threat
","Improvement and restoration of natural habitat | Increase in diversity and population of wildlife | Increase in diversity of crops, livestock, fish | Improvement in ecological services such as water supply and soil fertility

",,,Conflict with other communities | Reduced awareness about biodiversity and its value | Lack of resources and pressures of poverty | Over-harvesting from within the community | Changing socio-cultural practices and aspirations,Restrictive laws and policies   | Unwanted extraction     | Invasive or non-native species,,,,Through participation and consent of entire community,Vasundhara,2001,,"Thengapalli- A traditional practice in many parts of Odisha for forest protection by local communities, where a stick (thenga) symbolically represents ones turn for forest protection.","Singh M. N, Panigrahi R & et. al. (2001) Devolution of forest management: A case study of Jhargaon village. Vasundhra",,